accountsservice	23.13.9-2ubuntu6.1	amd64
acl	2.3.2-1build1.1	amd64
adduser	3.137ubuntu1	all
adwaita-icon-theme	46.0-1	all
amd64-microcode	3.20251202.1ubuntu0.24.04.1	amd64
apg	2.2.3.dfsg.1-5build3	amd64
apt	2.8.3	amd64
aptdaemon	1.1.1+bzr982-0ubuntu44	all
aptdaemon-data	1.1.1+bzr982-0ubuntu44	all
at-spi2-common	2.52.0-1build1	all
at-spi2-core	2.52.0-1build1	amd64
base-files	13ubuntu10.5	amd64
base-passwd	3.6.3build1	amd64
bash	5.2.21-2ubuntu4	amd64
bsdutils	1:2.39.3-9ubuntu6.6	amd64
bubblewrap	0.9.0-1ubuntu0.3	amd64
busybox-initramfs	1:1.36.1-6ubuntu3.1	amd64
ca-certificates	20260601~24.04.1	all
cage	0.1.5+20240127-2build1	amd64
cloud-guest-utils	0.33-1	all
colord	1.4.7-1build2	amd64
colord-data	1.4.7-1build2	all
coreutils	9.4-3ubuntu6.3	amd64
cpio	2.15+dfsg-1ubuntu2.1	amd64
cpp	4:13.2.0-7ubuntu1	amd64
cpp-13	13.3.0-6ubuntu2~24.04.1	amd64
cpp-13-x86-64-linux-gnu	13.3.0-6ubuntu2~24.04.1	amd64
cpp-x86-64-linux-gnu	4:13.2.0-7ubuntu1	amd64
curl	8.5.0-2ubuntu10.15	amd64
dash	0.5.12-6ubuntu5	amd64
dbus	1.14.10-4ubuntu4.1	amd64
dbus-bin	1.14.10-4ubuntu4.1	amd64
dbus-daemon	1.14.10-4ubuntu4.1	amd64
dbus-session-bus-common	1.14.10-4ubuntu4.1	all
dbus-system-bus-common	1.14.10-4ubuntu4.1	all
dbus-user-session	1.14.10-4ubuntu4.1	amd64
dconf-cli	0.40.0-4ubuntu0.1	amd64
dconf-gsettings-backend	0.40.0-4ubuntu0.1	amd64
dconf-service	0.40.0-4ubuntu0.1	amd64
debconf	1.5.86ubuntu1	all
debianutils	5.17build1	amd64
desktop-file-utils	0.27-2build1	amd64
dhcpcd-base	1:10.0.6-1ubuntu3.2	amd64
dictionaries-common	1.29.7	all
diffutils	1:3.10-1ubuntu0.1	amd64
dirmngr	2.4.4-2ubuntu17.6	amd64
distro-info-data	0.72-0ubuntu0.24.04.1	all
dmidecode	3.5-3ubuntu0.2	amd64
dosfstools	4.2-1.1build1	amd64
dpkg	1.22.6ubuntu6.6	amd64
dracut-install	060+5-1ubuntu3.3	amd64
e2fsprogs	1.47.0-2.4~exp1ubuntu4.1	amd64
eject	2.39.3-9ubuntu6.6	amd64
emacsen-common	3.0.5	all
ethtool	1:6.7-1build1	amd64
evolution-data-server-common	3.52.3-0ubuntu1.2	all
fdisk	2.39.3-9ubuntu6.6	amd64
findutils	4.9.0-5build1	amd64
fontconfig	2.15.0-1.1ubuntu2	amd64
fontconfig-config	2.15.0-1.1ubuntu2	amd64
fonts-dejavu	2.37-8	all
fonts-dejavu-core	2.37-8	all
fonts-dejavu-extra	2.37-8	all
fonts-dejavu-mono	2.37-8	all
fonts-noto-color-emoji	2.047-0ubuntu0.24.04.1	all
fuse3	3.14.0-5build1	amd64
gcc-13-base	13.3.0-6ubuntu2~24.04.1	amd64
gcc-14-base	14.2.0-4ubuntu2~24.04.1	amd64
gcr	3.41.2-1build3	amd64
gcr4	4.2.0-5	amd64
gdisk	1.0.10-1build1	amd64
gdm3	46.2-1ubuntu1~24.04.9	amd64
geoclue-2.0	2.7.0-3ubuntu7	amd64
geocode-glib-common	3.26.3-6build3	all
gettext-base	0.21-14ubuntu2	amd64
gh	2.45.0-1ubuntu0.3	amd64
gir1.2-accountsservice-1.0	23.13.9-2ubuntu6.1	amd64
gir1.2-adw-1	1.5.0-1ubuntu2	amd64
gir1.2-atk-1.0	2.52.0-1build1	amd64
gir1.2-atspi-2.0	2.52.0-1build1	amd64
gir1.2-freedesktop	1.80.1-1	amd64
gir1.2-gck-2	4.2.0-5	amd64
gir1.2-gcr-4	4.2.0-5	amd64
gir1.2-gdesktopenums-3.0	46.1-0ubuntu1	amd64
gir1.2-gdkpixbuf-2.0	2.42.10+dfsg-3ubuntu3.3	amd64
gir1.2-gdm-1.0	46.2-1ubuntu1~24.04.9	amd64
gir1.2-geoclue-2.0	2.7.0-3ubuntu7	amd64
gir1.2-girepository-2.0	1.80.1-1	amd64
gir1.2-glib-2.0	2.80.0-6ubuntu3.9	amd64
gir1.2-gnomebg-4.0	44.0-5build2	amd64
gir1.2-gnomebluetooth-3.0	46.0-1ubuntu1	amd64
gir1.2-gnomedesktop-4.0	44.0-5build2	amd64
gir1.2-graphene-1.0	1.10.8-3build2	amd64
gir1.2-gstreamer-1.0	1.24.2-1ubuntu0.1	amd64
gir1.2-gtk-3.0	3.24.41-4ubuntu1.3	amd64
gir1.2-gtk-4.0	4.14.5+ds-0ubuntu0.10	amd64
gir1.2-gweather-4.0	4.4.2-1build1	amd64
gir1.2-harfbuzz-0.0	8.3.0-2build2	amd64
gir1.2-ibus-1.0	1.5.29-2	amd64
gir1.2-javascriptcoregtk-6.0	2.52.6-0ubuntu0.24.04.1	amd64
gir1.2-mutter-14	46.2-1ubuntu0.24.04.16	amd64
gir1.2-nm-1.0	1.46.0-1ubuntu2.8	amd64
gir1.2-nma4-1.0	1.10.6-3build2	amd64
gir1.2-packagekitglib-1.0	1.2.8-2ubuntu1.5	amd64
gir1.2-pango-1.0	1.52.1+ds-1build1	amd64
gir1.2-polkit-1.0	124-2ubuntu1.24.04.4	amd64
gir1.2-rsvg-2.0	2.58.0+dfsg-1build1	amd64
gir1.2-soup-3.0	3.4.4-5ubuntu0.8	amd64
gir1.2-upowerglib-1.0	1.90.3-1	amd64
gir1.2-vte-2.91	0.76.0-1ubuntu0.1	amd64
gir1.2-webkit-6.0	2.52.6-0ubuntu0.24.04.1	amd64
gjs	1.80.2-1build2	amd64
glib-networking	2.80.0-1build1	amd64
glib-networking-common	2.80.0-1build1	all
glib-networking-services	2.80.0-1build1	amd64
gnome-bluetooth-3-common	46.0-1ubuntu1	all
gnome-control-center	1:46.7-0ubuntu0.24.04.6	amd64
gnome-control-center-data	1:46.7-0ubuntu0.24.04.6	all
gnome-desktop3-data	44.0-5build2	all
gnome-keyring	46.1-2ubuntu0.2	amd64
gnome-menus	3.36.0-1.1ubuntu3	amd64
gnome-session-bin	46.0-1ubuntu4	amd64
gnome-session-common	46.0-1ubuntu4	all
gnome-settings-daemon	46.0-1ubuntu1.24.04.1	amd64
gnome-settings-daemon-common	46.0-1ubuntu1.24.04.1	all
gnome-shell	46.0-0ubuntu6~24.04.15	amd64
gnome-shell-common	46.0-0ubuntu6~24.04.15	all
gnome-terminal	3.52.0-1ubuntu2	amd64
gnome-terminal-data	3.52.0-1ubuntu2	all
gnupg	2.4.4-2ubuntu17.6	all
gnupg-utils	2.4.4-2ubuntu17.6	amd64
gpg	2.4.4-2ubuntu17.6	amd64
gpg-agent	2.4.4-2ubuntu17.6	amd64
gpgconf	2.4.4-2ubuntu17.6	amd64
gpgsm	2.4.4-2ubuntu17.6	amd64
gpgv	2.4.4-2ubuntu17.6	amd64
grep	3.11-4build1	amd64
grub-common	2.12-1ubuntu7.3	amd64
grub-efi-amd64	2.12-1ubuntu7.3	amd64
grub-efi-amd64-bin	2.12-1ubuntu7.3	amd64
grub-efi-amd64-signed	1.202.5+2.12-1ubuntu7.3	amd64
grub2-common	2.12-1ubuntu7.3	amd64
gsettings-desktop-schemas	46.1-0ubuntu1	all
gstreamer1.0-pipewire	1.0.5-1ubuntu3.3	amd64
gstreamer1.0-plugins-base	1.24.2-1ubuntu0.5	amd64
gstreamer1.0-plugins-good	1.24.2-1ubuntu1.7	amd64
gtk-update-icon-cache	3.24.41-4ubuntu1.3	amd64
gvfs	1.54.4-0ubuntu1~24.04.2	amd64
gvfs-backends	1.54.4-0ubuntu1~24.04.2	amd64
gvfs-common	1.54.4-0ubuntu1~24.04.2	all
gvfs-daemons	1.54.4-0ubuntu1~24.04.2	amd64
gvfs-libs	1.54.4-0ubuntu1~24.04.2	amd64
gzip	1.12-1ubuntu3.2	amd64
heif-gdk-pixbuf	1.17.6-1ubuntu4.8	amd64
heif-thumbnailer	1.17.6-1ubuntu4.8	amd64
hicolor-icon-theme	0.17-2	all
hostname	3.23+nmu2ubuntu2	amd64
humanity-icon-theme	0.6.16	all
hunspell-en-us	1:2020.12.07-2	all
ibus	1.5.29-2	amd64
ibus-data	1.5.29-2	all
init-system-helpers	1.66ubuntu1	all
initramfs-tools	0.142ubuntu25.8	all
initramfs-tools-bin	0.142ubuntu25.8	amd64
initramfs-tools-core	0.142ubuntu25.8	all
intel-microcode	3.20260210.0ubuntu0.24.04.1	amd64
iproute2	6.1.0-1ubuntu6.4	amd64
iso-codes	4.16.0-1	all
iucode-tool	2.3.1-3build1	amd64
iw	6.7-1build1	amd64
keyboard-configuration	1.226ubuntu1.1	all
keyboxd	2.4.4-2ubuntu17.6	amd64
klibc-utils	2.0.13-4ubuntu0.2	amd64
kmod	31+20240202-2ubuntu7.2	amd64
language-selector-common	0.225	all
language-selector-gnome	0.225	all
libaa1	1.4p5-51.1	amd64
libaccountsservice0	23.13.9-2ubuntu6.1	amd64
libacl1	2.3.2-1build1.1	amd64
libadwaita-1-0	1.5.0-1ubuntu2	amd64
libaom3	3.8.2-2ubuntu0.2	amd64
libapparmor1	4.0.1really4.0.1-0ubuntu0.24.04.8	amd64
libappstream5	1.0.2-1build6	amd64
libapt-pkg6.0t64	2.8.3	amd64
libarchive13t64	3.7.2-2ubuntu0.8	amd64
libargon2-1	0~20190702+dfsg-4build1	amd64
libasound2-data	1.2.11-1ubuntu0.3	all
libasound2t64	1.2.11-1ubuntu0.3	amd64
libaspell15	0.60.8.1-1build1	amd64
libassuan0	2.5.6-1build1	amd64
libasyncns0	0.8-6build4	amd64
libatasmart4	0.19-5build3	amd64
libatk-bridge2.0-0t64	2.52.0-1build1	amd64
libatk1.0-0t64	2.52.0-1build1	amd64
libatomic1	14.2.0-4ubuntu2~24.04.1	amd64
libatspi2.0-0t64	2.52.0-1build1	amd64
libattr1	1:2.5.2-1ubuntu0.1	amd64
libaudit-common	1:3.1.2-2.1build1.1	all
libaudit1	1:3.1.2-2.1build1.1	amd64
libavahi-client3	0.8-13ubuntu6.2	amd64
libavahi-common-data	0.8-13ubuntu6.2	amd64
libavahi-common3	0.8-13ubuntu6.2	amd64
libavahi-glib1	0.8-13ubuntu6.2	amd64
libavc1394-0	0.5.4-5build3	amd64
libayatana-appindicator3-1	0.5.93-1build3	amd64
libayatana-ido3-0.4-0	0.10.1-1build2	amd64
libayatana-indicator3-7	0.9.4-1build1	amd64
libblkid1	2.39.3-9ubuntu6.6	amd64
libblockdev-crypto3	3.1.1-1ubuntu0.1	amd64
libblockdev-fs3	3.1.1-1ubuntu0.1	amd64
libblockdev-loop3	3.1.1-1ubuntu0.1	amd64
libblockdev-mdraid3	3.1.1-1ubuntu0.1	amd64
libblockdev-nvme3	3.1.1-1ubuntu0.1	amd64
libblockdev-part3	3.1.1-1ubuntu0.1	amd64
libblockdev-swap3	3.1.1-1ubuntu0.1	amd64
libblockdev-utils3	3.1.1-1ubuntu0.1	amd64
libblockdev3	3.1.1-1ubuntu0.1	amd64
libbluetooth3	5.72-0ubuntu5.5	amd64
libbpf1	1:1.3.0-2build2	amd64
libbrotli1	1.1.0-2build2	amd64
libbsd0	0.12.1-1build1.1	amd64
libbytesize-common	2.10-1ubuntu2	all
libbytesize1	2.10-1ubuntu2	amd64
libbz2-1.0	1.0.8-5.1ubuntu0.1	amd64
libc-bin	2.39-0ubuntu8.9	amd64
libc6	2.39-0ubuntu8.9	amd64
libcaca0	0.99.beta20-4ubuntu0.2	amd64
libcairo-gobject2	1.18.0-3build1	amd64
libcairo-script-interpreter2	1.18.0-3build1	amd64
libcairo2	1.18.0-3build1	amd64
libcamel-1.2-64t64	3.52.3-0ubuntu1.2	amd64
libcanberra-gtk3-0t64	0.30-10ubuntu10	amd64
libcanberra0t64	0.30-10ubuntu10	amd64
libcap-ng0	0.8.4-2build2	amd64
libcap2	1:2.66-5ubuntu2.4	amd64
libcap2-bin	1:2.66-5ubuntu2.4	amd64
libcdio-cdda2t64	10.2+2.0.1-1.1build2	amd64
libcdio-paranoia2t64	10.2+2.0.1-1.1build2	amd64
libcdio19t64	2.1.0-4.1ubuntu1.2	amd64
libcdparanoia0	3.10.2+debian-14build3	amd64
libcolord-gtk4-1t64	0.3.1-1build2	amd64
libcolord2	1.4.7-1build2	amd64
libcolorhug2	1.4.7-1build2	amd64
libcom-err2	1.47.0-2.4~exp1ubuntu4.1	amd64
libcrack2	2.9.6-5.1build2	amd64
libcrypt1	1:4.4.36-4build1	amd64
libcryptsetup12	2:2.7.0-1ubuntu4.2	amd64
libcue2	2.2.1-4.1build1	amd64
libcups2t64	2.4.7-1.2ubuntu7.14	amd64
libcurl3t64-gnutls	8.5.0-2ubuntu10.15	amd64
libcurl4t64	8.5.0-2ubuntu10.15	amd64
libdatrie1	0.2.13-3build1	amd64
libdb5.3t64	5.3.28+dfsg2-7	amd64
libdbus-1-3	1.14.10-4ubuntu4.1	amd64
libdbusmenu-glib4	18.10.20180917~bzr492+repack1-3.1ubuntu5	amd64
libdbusmenu-gtk3-4	18.10.20180917~bzr492+repack1-3.1ubuntu5	amd64
libdconf1	0.40.0-4ubuntu0.1	amd64
libdebconfclient0	0.271ubuntu3	amd64
libdecor-0-0	0.2.2-1build2	amd64
libdee-1.0-4	1.2.7+17.10.20170616-7build5	amd64
libdeflate0	1.19-1build1.1	amd64
libdevmapper1.02.1	2:1.02.185-3ubuntu3.2	amd64
libdisplay-info1	0.1.1-2build1	amd64
libdrm-amdgpu1	2.4.125-1ubuntu0.1~24.04.2	amd64
libdrm-common	2.4.125-1ubuntu0.1~24.04.2	all
libdrm-intel1	2.4.125-1ubuntu0.1~24.04.2	amd64
libdrm2	2.4.125-1ubuntu0.1~24.04.2	amd64
libduktape207	2.7.0+tests-0ubuntu3	amd64
libdv4t64	1.0.0-17.1build1	amd64
libdw1t64	0.190-1.1ubuntu0.1	amd64
libecal-2.0-3	3.52.3-0ubuntu1.2	amd64
libedataserver-1.2-27t64	3.52.3-0ubuntu1.2	amd64
libedit2	3.1-20230828-1build1	amd64
libefiboot1t64	38-3.1build1	amd64
libefivar1t64	38-3.1build1	amd64
libegl-mesa0	25.2.8-0ubuntu0.24.04.2	amd64
libegl1	1.7.0-1build1	amd64
libeis1	1.2.1-1	amd64
libelf1t64	0.190-1.1ubuntu0.1	amd64
libenchant-2-2	2.3.3-2build2	amd64
libepoxy0	1.5.10-1build1	amd64
libevdev2	1.13.1+dfsg-1build1	amd64
libexempi8	2.6.5-1build1	amd64
libexif12	0.6.24-1ubuntu0.24.04.1	amd64
libexiv2-27	0.27.6-1ubuntu0.3	amd64
libexpat1	2.6.1-2ubuntu0.6	amd64
libext2fs2t64	1.47.0-2.4~exp1ubuntu4.1	amd64
libfdisk1	2.39.3-9ubuntu6.6	amd64
libffi8	3.4.6-1build1	amd64
libflac12t64	1.4.3+ds-2.1ubuntu2	amd64
libfontconfig1	2.15.0-1.1ubuntu2	amd64
libfontenc1	1:1.1.8-1build1	amd64
libfreeaptx0	0.1.1-2build1	amd64
libfreetype6	2.13.2+dfsg-1ubuntu0.1	amd64
libfribidi0	1.0.13-3build1	amd64
libfuse3-3	3.14.0-5build1	amd64
libgbm1	25.2.8-0ubuntu0.24.04.2	amd64
libgcc-s1	14.2.0-4ubuntu2~24.04.1	amd64
libgck-1-0	3.41.2-1build3	amd64
libgck-2-2	4.2.0-5	amd64
libgcr-4-4	4.2.0-5	amd64
libgcr-base-3-1	3.41.2-1build3	amd64
libgcr-ui-3-1	3.41.2-1build3	amd64
libgcrypt20	1.10.3-2ubuntu0.2	amd64
libgd3	2.3.3-9ubuntu5	amd64
libgdata-common	0.18.1-6build2	all
libgdata22	0.18.1-6build2	amd64
libgdbm-compat4t64	1.23-5.1build1	amd64
libgdbm6t64	1.23-5.1build1	amd64
libgdk-pixbuf-2.0-0	2.42.10+dfsg-3ubuntu3.3	amd64
libgdk-pixbuf2.0-common	2.42.10+dfsg-3ubuntu3.3	all
libgdm1	46.2-1ubuntu1~24.04.9	amd64
libgeoclue-2-0	2.7.0-3ubuntu7	amd64
libgeocode-glib-2-0	3.26.3-6build3	amd64
libgexiv2-2	0.14.2-2build3	amd64
libgif7	5.2.2-1ubuntu1.2	amd64
libgirepository-1.0-1	1.80.1-1	amd64
libgjs0g	1.80.2-1build2	amd64
libgl1	1.7.0-1build1	amd64
libgl1-mesa-dri	25.2.8-0ubuntu0.24.04.2	amd64
libgles2	1.7.0-1build1	amd64
libglib2.0-0t64	2.80.0-6ubuntu3.9	amd64
libglib2.0-bin	2.80.0-6ubuntu3.9	amd64
libglib2.0-data	2.80.0-6ubuntu3.9	all
libglvnd0	1.7.0-1build1	amd64
libglx-mesa0	25.2.8-0ubuntu0.24.04.2	amd64
libglx0	1.7.0-1build1	amd64
libgmp10	2:6.3.0+dfsg-2ubuntu6.1	amd64
libgnome-autoar-0-0	0.4.4-2build4	amd64
libgnome-bg-4-2t64	44.0-5build2	amd64
libgnome-bluetooth-3.0-13	46.0-1ubuntu1	amd64
libgnome-bluetooth-ui-3.0-13	46.0-1ubuntu1	amd64
libgnome-desktop-3-20t64	44.0-5build2	amd64
libgnome-desktop-4-2t64	44.0-5build2	amd64
libgnome-rr-4-2t64	44.0-5build2	amd64
libgnutls30t64	3.8.3-1.1ubuntu3.6	amd64
libgoa-1.0-0b	3.50.4-0ubuntu2	amd64
libgoa-1.0-common	3.50.4-0ubuntu2	all
libgoa-backend-1.0-2	3.50.4-0ubuntu2	amd64
libgomp1	14.2.0-4ubuntu2~24.04.1	amd64
libgpg-error0	1.47-3build2.1	amd64
libgpgme11t64	1.18.0-4.1ubuntu4	amd64
libgphoto2-6t64	2.5.31-2.1ubuntu1.1	amd64
libgphoto2-port12t64	2.5.31-2.1ubuntu1.1	amd64
libgpm2	1.20.7-11	amd64
libgraphene-1.0-0	1.10.8-3build2	amd64
libgraphite2-3	1.3.14-2ubuntu0.24.04.1	amd64
libgsf-1-114	1.14.51-2ubuntu0.1	amd64
libgsf-1-common	1.14.51-2ubuntu0.1	all
libgsound0t64	1.0.3-3.2build2	amd64
libgssapi-krb5-2	1.20.1-6ubuntu2.10	amd64
libgstreamer-gl1.0-0	1.24.2-1ubuntu0.5	amd64
libgstreamer-plugins-base1.0-0	1.24.2-1ubuntu0.5	amd64
libgstreamer-plugins-good1.0-0	1.24.2-1ubuntu1.7	amd64
libgstreamer1.0-0	1.24.2-1ubuntu0.1	amd64
libgtk-3-0t64	3.24.41-4ubuntu1.3	amd64
libgtk-3-common	3.24.41-4ubuntu1.3	all
libgtk-4-1	4.14.5+ds-0ubuntu0.10	amd64
libgtk-4-common	4.14.5+ds-0ubuntu0.10	all
libgtk-4-media-gstreamer	4.14.5+ds-0ubuntu0.10	amd64
libgtop-2.0-11	2.41.3-1ubuntu0.24.04.1	amd64
libgtop2-common	2.41.3-1ubuntu0.24.04.1	all
libgudev-1.0-0	1:238-5ubuntu1	amd64
libgusb2	0.4.8-1build2	amd64
libgweather-4-0t64	4.4.2-1build1	amd64
libgweather-4-common	4.4.2-1build1	all
libgxps2t64	0.3.2-4build3	amd64
libhandy-1-0	1.8.3-1build2	amd64
libharfbuzz-gobject0	8.3.0-2build2	amd64
libharfbuzz-icu0	8.3.0-2build2	amd64
libharfbuzz0b	8.3.0-2build2	amd64
libheif-plugin-aomdec	1.17.6-1ubuntu4.8	amd64
libheif1	1.17.6-1ubuntu4.8	amd64
libhogweed6t64	3.9.1-2.2build1.1	amd64
libhunspell-1.7-0	1.7.2+really1.7.2-10build3	amd64
libhyphen0	2.8.8-7build3	amd64
libibus-1.0-5	1.5.29-2	amd64
libical3t64	3.0.17-1.1build3	amd64
libice6	2:1.0.10-1build3	amd64
libicu74	74.2-1ubuntu3.1	amd64
libidn2-0	2.3.7-2build1.1	amd64
libiec61883-0	1.2.0-6build1	amd64
libieee1284-3t64	0.2.11-14.1build1	amd64
libimagequant0	2.18.0-1build1	amd64
libimobiledevice6	1.3.0-8.1build3	amd64
libinput-bin	1.25.0-1ubuntu3.7	amd64
libinput10	1.25.0-1ubuntu3.7	amd64
libisl23	0.26-3build1.1	amd64
libjansson4	2.14-2build2	amd64
libjavascriptcoregtk-6.0-1	2.52.6-0ubuntu0.24.04.1	amd64
libjbig0	2.1-6.1ubuntu2	amd64
libjpeg-turbo8	2.1.5-2ubuntu2	amd64
libjpeg8	8c-2ubuntu11	amd64
libjson-c5	0.17-1build1	amd64
libjson-glib-1.0-0	1.8.0-2build2	amd64
libjson-glib-1.0-common	1.8.0-2build2	all
libk5crypto3	1.20.1-6ubuntu2.10	amd64
libkeyutils1	1.6.3-3build1	amd64
libklibc	2.0.13-4ubuntu0.2	amd64
libkmod2	31+20240202-2ubuntu7.2	amd64
libkrb5-3	1.20.1-6ubuntu2.10	amd64
libkrb5support0	1.20.1-6ubuntu2.10	amd64
libksba8	1.6.6-1build1	amd64
liblc3-1	1.0.4-3build1	amd64
liblcms2-2	2.14-2ubuntu0.1	amd64
libldacbt-abr2	2.0.2.3+git20200429+ed310a0-4ubuntu2	amd64
libldacbt-enc2	2.0.2.3+git20200429+ed310a0-4ubuntu2	amd64
libldap2	2.6.10+dfsg-0ubuntu0.24.04.1	amd64
libldb2	2:2.8.0+samba4.19.5+dfsg-4ubuntu9.7	amd64
liblerc4	4.0.0+ds-4ubuntu2	amd64
libliftoff0	0.4.1-1	amd64
libllvm20	1:20.1.2-0ubuntu1~24.04.3	amd64
liblmdb0	0.9.31-1build1	amd64
liblocale-gettext-perl	1.07-6ubuntu5	amd64
libltdl7	2.4.7-7build1	amd64
liblua5.4-0	5.4.6-3build2	amd64
liblz4-1	1.9.4-1build1.1	amd64
liblzma5	5.6.1+really5.4.5-1ubuntu0.3	amd64
liblzo2-2	2.10-2build4	amd64
libmalcontent-0-0	0.11.1-1ubuntu1.3	amd64
libmanette-0.2-0	0.2.7-1build2	amd64
libmd0	1.1.0-2build1.1	amd64
libmm-glib0	1.23.4-0ubuntu2	amd64
libmnl0	1.0.5-2build1	amd64
libmount1	2.39.3-9ubuntu6.6	amd64
libmozjs-115-0t64	115.10.0-1	amd64
libmp3lame0	3.100-6build1	amd64
libmpc3	1.3.1-1build1.1	amd64
libmpfr6	4.2.1-1build1.1	amd64
libmpg123-0t64	1.32.5-1ubuntu1.1	amd64
libmsgraph-0-1	0.2.1-0ubuntu3	amd64
libmtdev1t64	1.1.6-1.1build1	amd64
libmtp-common	1.1.21-3.1ubuntu1	all
libmtp9t64	1.1.21-3.1ubuntu1	amd64
libmutter-14-0	46.2-1ubuntu0.24.04.16	amd64
libnautilus-extension4	1:46.4-0ubuntu0.2	amd64
libncurses6	6.4+20240113-1ubuntu2.2	amd64
libncursesw6	6.4+20240113-1ubuntu2.2	amd64
libndp0	1.8-1fakesync1ubuntu0.24.04.1	amd64
libnetplan1	1.1.2-8ubuntu1~24.04.3	amd64
libnettle8t64	3.9.1-2.2build1.1	amd64
libnewt0.52	0.52.24-2ubuntu2	amd64
libnfs14	5.0.2-1ubuntu0.24.04.1	amd64
libnghttp2-14	1.59.0-1ubuntu0.4	amd64
libnl-3-200	3.7.0-0.3build1.1	amd64
libnl-genl-3-200	3.7.0-0.3build1.1	amd64
libnl-route-3-200	3.7.0-0.3build1.1	amd64
libnm0	1.46.0-1ubuntu2.8	amd64
libnma-common	1.10.6-3build2	all
libnma-gtk4-0	1.10.6-3build2	amd64
libnma0	1.10.6-3build2	amd64
libnotify4	0.8.3-1build2	amd64
libnpth0t64	1.6-3.1build1	amd64
libnspr4	2:4.35-1.1build1	amd64
libnss3	2:3.98-1ubuntu0.2	amd64
libnvme1t64	1.8-3ubuntu1	amd64
libogg0	1.3.5-3build1	amd64
libopenjp2-7	2.5.0-2ubuntu0.5	amd64
libopus0	1.4-1build1	amd64
liborc-0.4-0t64	1:0.4.38-1ubuntu0.1	amd64
libp11-kit0	0.25.3-4ubuntu2.2	amd64
libpackagekit-glib2-18	1.2.8-2ubuntu1.5	amd64
libpam-gnome-keyring	46.1-2ubuntu0.2	amd64
libpam-modules	1.5.3-5ubuntu5.7	amd64
libpam-modules-bin	1.5.3-5ubuntu5.7	amd64
libpam-runtime	1.5.3-5ubuntu5.7	all
libpam-systemd	255.4-1ubuntu8.17	amd64
libpam0g	1.5.3-5ubuntu5.7	amd64
libpango-1.0-0	1.52.1+ds-1build1	amd64
libpangocairo-1.0-0	1.52.1+ds-1build1	amd64
libpangoft2-1.0-0	1.52.1+ds-1build1	amd64
libpangoxft-1.0-0	1.52.1+ds-1build1	amd64
libparted2t64	3.6-4build1	amd64
libpci3	1:3.10.0-2build1	amd64
libpciaccess0	0.17-3ubuntu0.24.04.3	amd64
libpcre2-8-0	10.42-4ubuntu2.1	amd64
libpcsclite1	2.0.3-1build1	amd64
libperl5.38t64	5.38.2-3.2ubuntu0.6	amd64
libpipewire-0.3-0t64	1.0.5-1ubuntu3.3	amd64
libpipewire-0.3-modules	1.0.5-1ubuntu3.3	amd64
libpixman-1-0	0.42.2-1build1	amd64
libplist-2.0-4	2.3.0-1~exp2build2	amd64
libpng16-16t64	1.6.43-5ubuntu0.6	amd64
libpolkit-agent-1-0	124-2ubuntu1.24.04.4	amd64
libpolkit-gobject-1-0	124-2ubuntu1.24.04.4	amd64
libpoppler-glib8t64	24.02.0-1ubuntu9.9	amd64
libpoppler134	24.02.0-1ubuntu9.9	amd64
libpopt0	1.19+dfsg-1build1	amd64
libportal-gtk4-1	0.7.1-5build5	amd64
libportal1	0.7.1-5build5	amd64
libproc2-0	2:4.0.4-4ubuntu3.3	amd64
libproxy1v5	0.5.4-4build1	amd64
libpsl5t64	0.21.2-1.1build1	amd64
libpulse-mainloop-glib0	1:16.1+dfsg1-2ubuntu10.1	amd64
libpulse0	1:16.1+dfsg1-2ubuntu10.1	amd64
libpwquality-common	1.4.5-3build1	all
libpwquality1	1.4.5-3build1	amd64
libpython3-stdlib	3.12.3-0ubuntu2.1	amd64
libpython3.12-minimal	3.12.3-1ubuntu0.17	amd64
libpython3.12-stdlib	3.12.3-1ubuntu0.17	amd64
libraqm0	0.10.1-1build1	amd64
libraw1394-11	2.1.2-2build3	amd64
libreadline8t64	8.2-4build1	amd64
librest-1.0-0	0.9.1-6build3	amd64
libroc0.3	0.3.0+dfsg-7ubuntu2	amd64
librsvg2-2	2.58.0+dfsg-1build1	amd64
librsvg2-common	2.58.0+dfsg-1build1	amd64
librtmp1	2.4+20151223.gitfa8646d.1-2build7	amd64
libsane-common	1.2.1-7build4	all
libsane1	1.2.1-7build4	amd64
libsasl2-2	2.1.28+dfsg1-5ubuntu3.1	amd64
libsasl2-modules-db	2.1.28+dfsg1-5ubuntu3.1	amd64
libsbc1	2.0-1build1	amd64
libseat1	0.8.0-1	amd64
libseccomp2	2.5.5-1ubuntu3.1	amd64
libsecret-1-0	0.21.4-1build3	amd64
libsecret-common	0.21.4-1build3	all
libselinux1	3.5-2ubuntu2.1	amd64
libsemanage-common	3.5-1build5	all
libsemanage2	3.5-1build5	amd64
libsensors-config	1:3.6.0-9build1	all
libsensors5	1:3.6.0-9build1	amd64
libsepol2	3.5-2build1	amd64
libsharpyuv0	1.3.2-0.4build3	amd64
libshout3	2.4.6-1build2	amd64
libslang2	2.3.3-3build2	amd64
libsm6	2:1.2.3-1build3	amd64
libsmartcols1	2.39.3-9ubuntu6.6	amd64
libsmbclient0	2:4.19.5+dfsg-4ubuntu9.7	amd64
libsnapd-glib-2-1	1.64-0ubuntu5	amd64
libsndfile1	1.2.2-1ubuntu5.24.04.1	amd64
libsnmp-base	5.9.4+dfsg-1.1ubuntu3.2	all
libsnmp40t64	5.9.4+dfsg-1.1ubuntu3.2	amd64
libsoup-2.4-1	2.74.3-6ubuntu1.8	amd64
libsoup-3.0-0	3.4.4-5ubuntu0.8	amd64
libsoup-3.0-common	3.4.4-5ubuntu0.8	all
libsoup2.4-common	2.74.3-6ubuntu1.8	all
libspa-0.2-bluetooth	1.0.5-1ubuntu3.3	amd64
libspa-0.2-modules	1.0.5-1ubuntu3.3	amd64
libspeex1	1.2.1-2ubuntu2.24.04.1	amd64
libspeexdsp1	1.2.1-1ubuntu3	amd64
libsqlite3-0	3.45.1-1ubuntu2.8	amd64
libss2	1.47.0-2.4~exp1ubuntu4.1	amd64
libssh-4	0.10.6-2ubuntu0.5	amd64
libssl3t64	3.0.13-0ubuntu3.15	amd64
libstartup-notification0	0.12-6build3	amd64
libstdc++6	14.2.0-4ubuntu2~24.04.1	amd64
libstemmer0d	2.2.0-4build1	amd64
libsystemd-shared	255.4-1ubuntu8.17	amd64
libsystemd0	255.4-1ubuntu8.17	amd64
libtag1v5	1.13.1-1build1	amd64
libtag1v5-vanilla	1.13.1-1build1	amd64
libtalloc2	2.4.2-1build2	amd64
libtasn1-6	4.19.0-3ubuntu0.24.04.2	amd64
libtdb1	1.4.10-1build1	amd64
libteamdctl0	1.31-1build3	amd64
libtevent0t64	0.16.1-2build1	amd64
libtext-iconv-perl	1.7-8build3	amd64
libthai-data	0.1.29-2build1	all
libthai0	0.1.29-2build1	amd64
libtheora0	1.1.1+dfsg.1-16.1build3	amd64
libtiff6	4.5.1+git230720-4ubuntu2.5	amd64
libtinfo6	6.4+20240113-1ubuntu2.2	amd64
libtirpc-common	1.3.4+ds-1.1build1	all
libtirpc3t64	1.3.4+ds-1.1build1	amd64
libtotem-plparser-common	3.26.6-1build5	all
libtotem-plparser18	3.26.6-1build5	amd64
libtracker-sparql-3.0-0	3.7.1-1build1	amd64
libtwolame0	0.4.0-2build3	amd64
libudev1	255.4-1ubuntu8.17	amd64
libudisks2-0	2.10.1-6ubuntu1.5	amd64
libunistring5	1.1-2build1.1	amd64
libunity-protocol-private0	7.1.4+19.04.20190319-6build4	amd64
libunity-scopes-json-def-desktop	7.1.4+19.04.20190319-6build4	all
libunity9	7.1.4+19.04.20190319-6build4	amd64
libunwind8	1.6.2-3build1.1	amd64
libupower-glib3	1.90.3-1	amd64
libusb-1.0-0	2:1.0.27-1	amd64
libusbmuxd6	2.0.2-4build3	amd64
libuuid1	2.39.3-9ubuntu6.6	amd64
libuv1t64	1.48.0-1.1build1	amd64
libv4l-0t64	1.26.1-4build3	amd64
libv4lconvert0t64	1.26.1-4build3	amd64
libvisual-0.4-0	0.4.2-2build1	amd64
libvolume-key1	0.3.12-7build2	amd64
libvorbis0a	1.3.7-1build3	amd64
libvorbisenc2	1.3.7-1build3	amd64
libvorbisfile3	1.3.7-1build3	amd64
libvpx9	1.14.0-1ubuntu2.3	amd64
libvte-2.91-0	0.76.0-1ubuntu0.1	amd64
libvte-2.91-common	0.76.0-1ubuntu0.1	amd64
libvulkan1	1.3.275.0-1build1	amd64
libwacom-common	2.10.0-2	all
libwacom9	2.10.0-2	amd64
libwavpack1	5.6.0-1build1	amd64
libwayland-client0	1.22.0-2.1build1	amd64
libwayland-cursor0	1.22.0-2.1build1	amd64
libwayland-egl1	1.22.0-2.1build1	amd64
libwayland-server0	1.22.0-2.1build1	amd64
libwbclient0	2:4.19.5+dfsg-4ubuntu9.7	amd64
libwebkitgtk-6.0-4	2.52.6-0ubuntu0.24.04.1	amd64
libwebp7	1.3.2-0.4build3	amd64
libwebpdemux2	1.3.2-0.4build3	amd64
libwebpmux3	1.3.2-0.4build3	amd64
libwebrtc-audio-processing1	0.3.1-0ubuntu6	amd64
libwhoopsie-preferences0	23build3	amd64
libwhoopsie0	0.2.77ubuntu0.1	amd64
libwireplumber-0.4-0	0.4.17-1ubuntu4.1	amd64
libwlroots12t64	0.17.1-2.1build1	amd64
libwrap0	7.6.q-33	amd64
libx11-6	2:1.8.7-1build1	amd64
libx11-data	2:1.8.7-1build1	all
libx11-xcb1	2:1.8.7-1build1	amd64
libxau6	1:1.0.9-1build6	amd64
libxaw7	2:1.0.14-1build2	amd64
libxcb-composite0	1.15-1ubuntu2	amd64
libxcb-dri3-0	1.15-1ubuntu2	amd64
libxcb-ewmh2	0.4.1-1.1build3	amd64
libxcb-glx0	1.15-1ubuntu2	amd64
libxcb-icccm4	0.4.1-1.1build3	amd64
libxcb-present0	1.15-1ubuntu2	amd64
libxcb-randr0	1.15-1ubuntu2	amd64
libxcb-render-util0	0.3.9-1build4	amd64
libxcb-render0	1.15-1ubuntu2	amd64
libxcb-res0	1.15-1ubuntu2	amd64
libxcb-shm0	1.15-1ubuntu2	amd64
libxcb-sync1	1.15-1ubuntu2	amd64
libxcb-util1	0.4.0-1build3	amd64
libxcb-xfixes0	1.15-1ubuntu2	amd64
libxcb-xinput0	1.15-1ubuntu2	amd64
libxcb-xkb1	1.15-1ubuntu2	amd64
libxcb1	1.15-1ubuntu2	amd64
libxcomposite1	1:0.4.5-1build3	amd64
libxcursor1	1:1.2.1-1build1	amd64
libxcvt0	0.1.2-1build1	amd64
libxdamage1	1:1.1.6-1build1	amd64
libxdmcp6	1:1.1.3-0ubuntu6	amd64
libxext6	2:1.3.4-1build2	amd64
libxfixes3	1:6.0.0-2build1	amd64
libxfont2	1:2.0.6-1+deb13u1build0.24.04.2	amd64
libxft2	2.3.6-1build1	amd64
libxi6	2:1.8.1-1build1	amd64
libxinerama1	2:1.1.4-3build1	amd64
libxkbcommon-x11-0	1.6.0-1build1	amd64
libxkbcommon0	1.6.0-1build1	amd64
libxkbfile1	1:1.1.0-1build4	amd64
libxkbregistry0	1.6.0-1build1	amd64
libxml2	2.9.14+dfsg-1.3ubuntu3.9	amd64
libxmlb2	0.3.24-1~ubuntu0.24.04.1	amd64
libxmu6	2:1.1.3-3build2	amd64
libxmuu1	2:1.1.3-3build2	amd64
libxpm4	1:3.5.17-1ubuntu0.24.04.1	amd64
libxrandr2	2:1.5.2-2build1	amd64
libxrender1	1:0.9.10-1.1build1	amd64
libxshmfence1	1.3-1build5	amd64
libxslt1.1	1.1.39-0exp1ubuntu0.24.04.3	amd64
libxt6t64	1:1.2.1-1.2build1	amd64
libxtables12	1.8.10-3ubuntu2	amd64
libxtst6	2:1.2.3-1.1build1	amd64
libxxf86vm1	1:1.1.4-1build4	amd64
libxxhash0	0.8.2-2build1	amd64
libyaml-0-2	0.2.5-1build1	amd64
libzstd1	1.5.5+dfsg2-2build1.1	amd64
linux-base	4.5ubuntu9+24.04.2	all
linux-firmware	20240318.git3b128b60.0ubuntu3.1	all
linux-firmware-amd-graphics	20240318.git3b128b60-0ubuntu3.3	all
linux-firmware-amd-misc	20240318.git3b128b60-0ubuntu3.1	all
linux-firmware-broadcom-wireless	20240318.git3b128b60-0ubuntu3.1	all
linux-firmware-intel-graphics	20240318.git3b128b60-0ubuntu3.1	all
linux-firmware-intel-misc	20240318.git3b128b60-0ubuntu3.1	all
linux-firmware-intel-wireless	20240318.git3b128b60-0ubuntu3.1	all
linux-firmware-marvell-prestera	20240318.git3b128b60-0ubuntu3.1	all
linux-firmware-marvell-wireless	20240318.git3b128b60-0ubuntu3.1	all
linux-firmware-mediatek	20240318.git3b128b60-0ubuntu3.1	all
linux-firmware-mellanox-spectrum	20240318.git3b128b60-0ubuntu3.1	all
linux-firmware-misc	20240318.git3b128b60-0ubuntu3.1	all
linux-firmware-netronome	20240318.git3b128b60-0ubuntu3.1	all
linux-firmware-nvidia-graphics	20240318.git3b128b60-0ubuntu3.1	all
linux-firmware-qlogic	20240318.git3b128b60-0ubuntu3.1	all
linux-firmware-qualcomm-graphics	20240318.git3b128b60-0ubuntu3.1	all
linux-firmware-qualcomm-misc	20240318.git3b128b60-0ubuntu3.1	all
linux-firmware-qualcomm-wireless	20240318.git3b128b60-0ubuntu3.1	all
linux-firmware-realtek	20240318.git3b128b60-0ubuntu3.1	all
linux-generic	6.8.0-142.142	amd64
linux-headers-6.8.0-142	6.8.0-142.142	all
linux-headers-6.8.0-142-generic	6.8.0-142.142	amd64
linux-headers-generic	6.8.0-142.142	amd64
linux-image-6.8.0-142-generic	6.8.0-142.142	amd64
linux-image-generic	6.8.0-142.142	amd64
linux-modules-6.8.0-142-generic	6.8.0-142.142	amd64
linux-modules-extra-6.8.0-142-generic	6.8.0-142.142	amd64
locales	2.39-0ubuntu8.9	all
login	1:4.13+dfsg1-4ubuntu3.2	amd64
logsave	1.47.0-2.4~exp1ubuntu4.1	amd64
lsb-release	12.0-2	all
lsof	4.95.0-1build3	amd64
mawk	1.3.4.20240123-1build1	amd64
media-types	10.1.0	all
mesa-libgallium	25.2.8-0ubuntu0.24.04.2	amd64
mokutil	0.6.0-2build3	amd64
mount	2.39.3-9ubuntu6.6	amd64
mutter-common	46.2-1ubuntu0.24.04.16	all
mutter-common-bin	46.2-1ubuntu0.24.04.16	amd64
nautilus	1:46.4-0ubuntu0.2	amd64
nautilus-data	1:46.4-0ubuntu0.2	all
ncurses-base	6.4+20240113-1ubuntu2.2	all
ncurses-bin	6.4+20240113-1ubuntu2.2	amd64
netbase	6.4	all
netplan-generator	1.1.2-8ubuntu1~24.04.3	amd64
netplan.io	1.1.2-8ubuntu1~24.04.3	amd64
network-manager	1.46.0-1ubuntu2.8	amd64
network-manager-gnome	1.34.0-1ubuntu3	amd64
openssl	3.0.13-0ubuntu3.15	amd64
p11-kit	0.25.3-4ubuntu2.2	amd64
p11-kit-modules	0.25.3-4ubuntu2.2	amd64
parted	3.6-4build1	amd64
passwd	1:4.13+dfsg1-4ubuntu3.2	amd64
pci.ids	0.0~2024.03.31-1ubuntu0.1	all
perl-base	5.38.2-3.2ubuntu0.6	amd64
perl-modules-5.38	5.38.2-3.2ubuntu0.6	all
pinentry-gnome3	1.2.1-3ubuntu5	amd64
pipewire	1.0.5-1ubuntu3.3	amd64
pipewire-alsa	1.0.5-1ubuntu3.3	amd64
pipewire-audio	1.0.5-1ubuntu3.3	all
pipewire-bin	1.0.5-1ubuntu3.3	amd64
pipewire-pulse	1.0.5-1ubuntu3.3	amd64
pkexec	124-2ubuntu1.24.04.4	amd64
policykit-1	124-2ubuntu1.24.04.4	amd64
polkitd	124-2ubuntu1.24.04.4	amd64
power-profiles-daemon	0.21-1ubuntu3	amd64
procps	2:4.0.4-4ubuntu3.3	amd64
psmisc	23.7-1build1	amd64
python-apt-common	2.7.7ubuntu5.3	all
python3	3.12.3-0ubuntu2.1	amd64
python3-apport	2.28.3-0ubuntu0.1	all
python3-apt	2.7.7ubuntu5.3	amd64
python3-aptdaemon	1.1.1+bzr982-0ubuntu44	all
python3-aptdaemon.gtk3widgets	1.1.1+bzr982-0ubuntu44	all
python3-blinker	1.7.0-1	all
python3-certifi	2023.11.17-1	all
python3-cffi-backend	1.16.0-2build1	amd64
python3-chardet	5.2.0+dfsg-1	all
python3-cryptography	41.0.7-4ubuntu0.4	amd64
python3-dbus	1.3.2-5build3	amd64
python3-defer	1.0.6-2.1ubuntu1	all
python3-distro	1.9.0-1	all
python3-gi	3.48.2-1	amd64
python3-httplib2	0.20.4-3ubuntu0.1	all
python3-ibus-1.0	1.5.29-2	all
python3-idna	3.6-2ubuntu0.2	all
python3-jwt	2.7.0-1ubuntu0.1	all
python3-launchpadlib	1.11.0-6	all
python3-lazr.restfulclient	0.14.6-1	all
python3-lazr.uri	1.0.6-3	all
python3-minimal	3.12.3-0ubuntu2.1	amd64
python3-netplan	1.1.2-8ubuntu1~24.04.3	amd64
python3-oauthlib	3.2.2-1	all
python3-pil	10.2.0-1ubuntu1.3	amd64
python3-pip-whl	24.0+dfsg-1ubuntu1.3	all
python3-pkg-resources	68.1.2-2ubuntu1.2	all
python3-problem-report	2.28.3-0ubuntu0.1	all
python3-pyparsing	3.1.1-1	all
python3-requests	2.31.0+dfsg-1ubuntu1.1	all
python3-setuptools-whl	68.1.2-2ubuntu1.2	all
python3-six	1.16.0-4	all
python3-urllib3	2.0.7-1ubuntu0.7	all
python3-venv	3.12.3-0ubuntu2.1	amd64
python3-wadllib	1.3.6-5	all
python3-yaml	6.0.1-2build2	amd64
python3.12	3.12.3-1ubuntu0.17	amd64
python3.12-minimal	3.12.3-1ubuntu0.17	amd64
python3.12-venv	3.12.3-1ubuntu0.17	amd64
rclone	1.60.1+dfsg-3ubuntu0.24.04.6	amd64
readline-common	8.2-4build1	all
rfkill	2.39.3-9ubuntu6.6	amd64
rsync	3.2.7-1ubuntu1.5	amd64
rtkit	0.13-5build1	amd64
samba-libs	2:4.19.5+dfsg-4ubuntu9.7	amd64
sbsigntool	0.9.4-3.1ubuntu7	amd64
sed	4.9-2ubuntu0.24.04.1	amd64
sensible-utils	0.0.22	all
session-migration	0.3.9build1	amd64
sgml-base	1.31	all
shared-mime-info	2.4-4	amd64
shim-signed	1.58+15.8-0ubuntu1	amd64
sound-theme-freedesktop	0.8-2ubuntu1	all
sudo	1.9.15p5-3ubuntu5.24.04.3	amd64
systemd	255.4-1ubuntu8.17	amd64
systemd-dev	255.4-1ubuntu8.17	all
systemd-sysv	255.4-1ubuntu8.17	amd64
sysvinit-utils	3.08-6ubuntu3	amd64
tar	1.35+dfsg-3ubuntu0.4	amd64
tecla	46.0-1ubuntu0.1	amd64
tracker	3.7.1-1build1	amd64
tracker-extract	3.7.1-1ubuntu0.1	amd64
tracker-miner-fs	3.7.1-1ubuntu0.1	amd64
tzdata	2026c-0ubuntu0.24.04.1	all
ubuntu-keyring	2023.11.28.1	all
ubuntu-mono	24.04-0ubuntu1	all
ubuntu-session	46.0-1ubuntu4	all
ubuntu-wallpapers	24.04.2	all
ubuntu-wallpapers-noble	24.04.2	all
ucf	3.0043+nmu1	all
udev	255.4-1ubuntu8.17	amd64
udisks2	2.10.1-6ubuntu1.5	amd64
unminimize	0.2.1	amd64
upower	1.90.3-1	amd64
util-linux	2.39.3-9ubuntu6.6	amd64
webp-pixbuf-loader	0.2.4-2build2	amd64
whoopsie-preferences	23build3	amd64
wireless-regdb	2026.05.30-0ubuntu1~24.04.1	all
wireplumber	0.4.17-1ubuntu4.1	amd64
wpasupplicant	2:2.10-21ubuntu0.4	amd64
x11-common	1:7.7+23ubuntu3	all
x11-xkb-utils	7.7+8build2	amd64
x11-xserver-utils	7.7+10build2	amd64
xdg-dbus-proxy	0.1.5-1ubuntu0.2	amd64
xdg-desktop-portal	1.18.4-1ubuntu2.24.04.3	amd64
xdg-desktop-portal-gnome	46.2-0ubuntu1	amd64
xdg-desktop-portal-gtk	1.15.1-1build2	amd64
xdg-user-dirs	0.18-1build1	amd64
xkb-data	2.41-2ubuntu1.1	all
xml-core	0.19	all
xserver-common	2:21.1.12-1ubuntu1.8	all
xserver-xorg	1:7.7+23ubuntu3	amd64
xserver-xorg-core	2:21.1.12-1ubuntu1.8	amd64
xserver-xorg-input-all	1:7.7+23ubuntu3	amd64
xserver-xorg-input-libinput	1.4.0-1ubuntu24.04.1	amd64
xwayland	2:23.2.6-1ubuntu0.8	amd64
yaru-theme-gnome-shell	24.04.2-0ubuntu1	all
zlib1g	1:1.3.dfsg-3.1ubuntu2.2	amd64
zstd	1.5.5+dfsg2-2build1.1	amd64
